# --------------------------------------------------------
# Host:                         127.0.0.1
# Database:                     end_to_end_security
# Server version:               5.1.73-community
# Server OS:                    Win32
# HeidiSQL version:             5.0.0.3272
# Date/time:                    2022-01-22 18:55:09
# --------------------------------------------------------

/*!40101 SET @OLD_CHARACTER_SET_CLIENT=@@CHARACTER_SET_CLIENT */;
/*!40101 SET NAMES utf8 */;
/*!40014 SET @OLD_FOREIGN_KEY_CHECKS=@@FOREIGN_KEY_CHECKS, FOREIGN_KEY_CHECKS=0 */;
/*!40101 SET @OLD_SQL_MODE=@@SQL_MODE, SQL_MODE='NO_AUTO_VALUE_ON_ZERO' */;
# Dumping database structure for end_to_end_security
CREATE DATABASE IF NOT EXISTS `end_to_end_security` /*!40100 DEFAULT CHARACTER SET latin1 */;
USE `end_to_end_security`;


# Dumping structure for table end_to_end_security.access
CREATE TABLE IF NOT EXISTS `access` (
  `fromuser` text,
  `filename` text,
  `touser` text
) ENGINE=InnoDB DEFAULT CHARSET=latin1;

# Dumping data for table end_to_end_security.access: 2 rows
/*!40000 ALTER TABLE `access` DISABLE KEYS */;
INSERT INTO `access` (`fromuser`, `filename`, `touser`) VALUES ('jj@gmail.com', 'a2_1 (1).txt', 'om@gmail.com'), ('om@gmail.com', 'a4.txt', 'jj@gmail.com');
/*!40000 ALTER TABLE `access` ENABLE KEYS */;


# Dumping structure for table end_to_end_security.fileinfo
CREATE TABLE IF NOT EXISTS `fileinfo` (
  `user` text,
  `filename` text,
  `data` longblob,
  `PrivateKey` text,
  `Size` int(50) DEFAULT NULL,
  `Time` int(50) DEFAULT NULL,
  `contenttype` text
) ENGINE=InnoDB DEFAULT CHARSET=latin1;

# Dumping data for table end_to_end_security.fileinfo: 2 rows
/*!40000 ALTER TABLE `fileinfo` DISABLE KEYS */;
INSERT INTO `fileinfo` (`user`, `filename`, `data`, `PrivateKey`, `Size`, `Time`, `contenttype`) VALUES ('jj@gmail.com', 'a2_1 (1).txt', _binary 0x72746B45716A347350565178794E366436514C3765716D41373675373565597246757553776D386A67655A70314B586E675A4E5A634170537A71466175664A6159414977556750416F6375370D0A57763149356564504379336D36685866355544416F492B4D4A45397A77796C666B42313372673372515A2F534177684647746F49586750435753724959562B7176694841383030374262474D0D0A384A444A55356874756B5850414A564443566E51484A397876376130587A425938617250326A4F323555306D4768736A456C65784448797A4E4674446B4B696A2B74613765724B38574E386B0D0A696F6547527443496D4A52564442673844782F5061777A3059656641564C48343876617277486C43494359564A503857584C696E724B5267694961525137546D78453941636F3565306E494B0D0A7052526151394539717647504F637044747336704A702F6A48596E6A396156313876667247577A743851784D773170526E34674F4E4C41752F306C446C654E616941726E5769774D4C4C756E0D0A794D654946664C37554E326D435632384F66322B48454A6552493844787A57715A7769702B44476A54635775684C4D5877374B46393452614B4E67585A5A70316E4F553950635A44493236680D0A52626F55433051367573646264546634476D323959494A4B62685378596D514E37346A466C6138674F645861322F352F684E41436B6475364453764738436D2F47742B5A45744D756B5574710D0A7538766174717057416553464A3047564242576E6B756B342F5243796465473141316E4961525A5937586857472B4977346F54794232574843346C50592B2B70624C4A314F775956394349790D0A5268466C42666572674C55396D5552486C4836725273735A62643368753978413165443157674159767159625745534E453361542B5A346E4A457448624C57715756636B5261466F5A45464D0D0A4B746B566F5643336D5268743446556437464644594B546B434441755A485751726A4943634E47394E4A77364471626E656E316C584536514D6F47566842672F616D4F68746F4E436D6B6E430D0A39544A4A7A5461485A646231347853636D612B786C51686A6D64796A6F69627176374C4178357046624E7979492B6745574B43364B5871544577532F514166774B79704B7356514F2F4B66550D0A786467684574486470412F464874494B6E5368674D49327059352F564E6B456C7A34774B494D517042732F483675663269764D582F5643736C6E50465736623832364A71773639434D30746C0D0A32736A5062526C584E744841355A544231554B654E4B572F554C616E472B43456969562F4E6C4F377A595863594958614E396B7862725867776E44585A6861713631632B566F616E67324B390D0A703369644B46555048587570797A694C6367536F5279766279755334646C4335726A397165534234646E6C64316231747661387757414C3230467832415864436347455A2F646675476457330D0A6230686F637A5976764E7972305239477953396667476F514B6538307A6E716F742F69703164786B4347564C6C6C534269454B536372436D566E416B316E79626E6B6B6C4477636B4B6963330D0A586C57306A7938765366497A37336E7545464566543253786F7373424762354E4C51544C59762F6E38586D4C624B633664493674656F6762795773374A517A486F4667593067676D495750350D0A4A4B664A7450734E73485636346D2B30424B55586B594C7345703642686F53582B2F78775A44666576362B3953792B6A2F624F30355A336D773262776F376444776D626F30784A6A5261554C0D0A725A43446A716438645A715A767237706D48764273434C57354C46386B4C6C593442424C376173306E777273496143386D4A3767306F696A614C516A62523046726A774E44636B66426338750D0A2F446E51697464326437326B79553342686A2F6672727630763633473051793572595938577675756935305A64335472476F5558786D366E64626651764A6D333241544E6D362F51726B2B4F0D0A4D5754344375636D42504A384B5A32313338454E4F64342F556A4A7933756E657A355053536D5838682F31444A6D746C32306172487144594C333654657245434A7A7141463350526B614C300D0A42462B4D37362F397554707575725946794446486151624C6665793852596F2B5149536F42624D5833736A6E63705A47444B4979712B497A43636D56466E574850614447533333364936584C0D0A353655754E354E48387166335A5266694E76342F4D46335A616A485969414E67455666644B32662F70474B43526D336C517032666E2B49583576487831566B4362386D41776D4B43366C45540D0A516337314D627972627348716A644E39726273396C694479635457487342484957677A6F57437544674C466768525744734778327076724E4745736D6B35544565576E51643058346F312B730D0A636E6257464B7A5975754D5237392F65326F6E6E5A61386E6B53574C4D696B4D634C5855573247624C616C4E3850694E4C4F4E4C64743959542F6938394C52574F62634233644734524C39700D0A734B65343257506E614F2F5876316F474D4E425A7965357667545767477155695A3475544A766A6B6973777561435469796A594F38694B6C77527A39355541655336664B667A656D7648324D0D0A675654674F742B727553346A735A3177654F35677975654E5270393255364730667955556463313368336A3659512B6434777762366141654735714C6951445869534F6A74587346547942470D0A66762F2B517072586F73674751345847732F36792F7A6E2F74444B46645137544F4C5A393142394E6C565349583954484F5A6D796558743637503250556738326E2B4D5239734B71337934470D0A546A6654335954577934477552374C51356349714A4163326861794A5A6863794F4542596951494A2B76396F6432672F6156427267486C7370714E5777676D39796632656B7A5251676F7A750D0A4C736E56643878777643512F547A4F4968664565644E654663444B356645304971614E6B682F766356763266364D4543664E386F6A47346F7762426D664D536235507333374968786A7777490D0A59766A316471595276506B664755643053446338724E71507479685936637955485A78502B66786E6A577739672F4B77445654794D696437554E50376C4857577168774755504632786544530D0A4E787852704D33312F2F31664F736C736E644E336B796E6256573344745952374A72456E47486951675142316D58575941676B6C4E6C465761424B683670322F4836507A77456A53526154680D0A4546744945326D7663356258576555514A2F724942473737614351734448567263433037347A795169625164785639782B6342764158726D724930473748742F4E375567594E596548514D540D0A4D6E746C695A416956306A2B677A525A4B643134334B4C67636B626F6E6D45786475522B71714F68586B6E75762B476E68374F6975626C6A7164514E6B2B434378424B6A484C656C637658740D0A6848336C4D544A746C6F62617A624D754F613144536774546F2B597956666A62704263475A5546756D5279715A73715A4D3737653639384C2B307744512B427059476F2B5A71454A476B4D410D0A33744C33755A676F3542385079447361446B6E324D472F2F5A714835486144392F614D72624144654E6A345362777569374345454D61475066566F6B686D415878346A30636F396A517370310D0A4D6C7955653437786477363052706953524F6231634B516842722F7A5561676C36544878614C694A7437752F5772554865786C596D32444F4E646C34314B44544D73504A4446744A306A56310D0A2F75452F47476C466D643955574356517058566A61674A6C4B733579783252346E6B44726D54413063722F474C365464534E6F45785845644A576A5A653946712F6B6B7964507A6E653531590D0A6F634168443068574E2F395850736D493164307353723533776D697A6F6853773671676B4A364C5944534252615459525261495A41486174783676723467504C77425255796D53495A7A54410D0A4B4F4E77686D614137724F7144374330465766516E4E67444568784166453643793149553931376F6B647157476231447557633959534947477648435A59696E5364744C4A4E4A6A414C38780D0A63636C2F31415A5A696E45577130454B4B38776B3635674C526D7954736F6A7458695945423066335368346B6A79632F755633326E4147687A494B4F704D5734642B4C79744F6251634347560D0A7A4E6D2F71596F73354C42335156644B63446A5153594C464C64486E523554635A4A792B4D6E6541616F584D2F6F3033664B5052713965324E693079782F32733041697A4F517332372F4B6A0D0A5072486439634C48572F6B6B75395369677645345963364648767268774E364C3458434446474A70306C734763676A766B6F7A477A6A64524A75483251377969644238456E6A352B4E4655490D0A4B7339594F4E2B6C73354D57444E4452726863754E5763313445697578326242306F5333586F4E7058656F7542716168716374523257384252554D7A374468544B42357778655657526279610D0A2B6E735A474E2F4D526A4C6132387641545172615A674E30352B6135384B69476873476939496C6275413033637968326B485232386C5344634A5663696235696565517A6B394E61305A786A0D0A796B2B5046612B4D56764A7156396B494D5731772F554A686C53303349586E7948414F36366964374A6D6A4B6F7564355443584452514A33516470394542557A72525350314A4E38753264710D0A6A69797946376F4556512B773872305455786C4D526F534B536A47642F657A4D38703442447475426C2B695453704E37726C32394C54725455744534544D6C746D385A514E2F59375A7271710D0A417A7545507070446A4256594F766C41744D44684F75626146484E7476327261313341454F3675314F51553347534574397833522F51482F6B6D44346E5461413062494C57715A59714E33630D0A4F45514D57693868626D6733564963734A7276732F5270495A372B742F727572375669704C2B78464269794156556C6374484D542B524E5A5242374F50647A686A53784A7A68633276704D550D0A43664C453633535649576E49555543326B414A3077382F48597162662B426648545A6C516F4F356555467036676570592B344A5A36376C434E6C5475304C382B52346D6F6F45574C6B3879750D0A3131346A7139684E4B426A4D795067707A2F554A6132584745792F58653352492B5150324F5A565A316543485A6B6E585549613656626D7932635863786437686F686A52716E696A46332F6E0D0A6C62434B5A6772304C666544584B6968722B30576353686942543645796A4178543555337359566D795735414938434E4678634C39414B4A385A65667A6D44356E787341397270696C4B65590D0A7152424C4730367761342B6F486E716A5A7834594365636F3348477269765551543968666D6D3062687932714A4B535947376356486C303970305955714A593549666C762B516661434E64480D0A69666A724E704F7951595167512F38474F7166706A536D334A524835366F354A2B3969326677772B6B52695971747A7A744E7436714C2B707135564F6F6F4D7638432F773730547A513834540D0A337A6E6E32323641572F7762744E7154594371387435566A444E41523635366A42574B796C655536522F4D6279766F7341333379427974766D355036644C497A6A66373442772B2B726E52760D0A374D386B6339414E2F58594B2B6134416F747A5574776437547968657731746B7A6C617862416A44386E43664B76722F39484E426D45524C5A612B7569574B536E46354C6E4C364D7A39695A0D0A7678375463676E423230744158656E453367556E6632386E727641596952665441664369616E615250374E4B466B5A4A53496E324E4E2B2F4E49335353426A2B657839314B565661496245560D0A74786E58494D5631355452385A7749694833556E56706B4F49696F463730462F6B48546F36584D4E7076525637454442676766353672694D35347351435236414F7169576363344D4365453D, 'ZQVWH', 3245, 498, 'text/plain'), ('om@gmail.com', 'a4.txt', _binary 0x6839547737636E34712B7338693654334D62693361354956537138672B38552F377A30317551383546656465536B505A3930515034596C7375304371687675304438455875453263336E56770D0A7357555434424548414A697A57415172523466366247547470436C3476456E4567427370532B7A6A556D394A6D46364B482F77444D386B4F5439733143663353666A7136316D7539415336540D0A6661544C7079384A35412B684E33664239556B2F435748763172724C4C4F43344B5135724872343675736F56676F51696E696343616B2B326469374C31684638304F474D4E735748364279530D0A593471776464656253754C34716871456344586F4F6D3047694252416E727A6F5661634B4C7866304A515137792F4B4C39715970556E6562476261595566553351465976523836512B76684F0D0A3963454A44362B372F45533858355A54533431476D337A5A554D486831385768466176344A306A7074736430363631384930416F3271455561576D584637595662357A6D363758734D7A4C440D0A767A6173497552653648497A556E756946756F4445514C5468546E4851784A5654575A6D53677159624A634447496D47556F655172414947444751693642314F2B444F6E66616D3847464A330D0A3945462F416E2F584C6D5376384E7072694154784137425470526944536532743544522B6D38594B467A43344B7834496973336655636A364F374A69684C4B51366D59764B6366637A6A54740D0A2B2B585A6F4E334755366841594939656F68414D776D2F2B5943546C6848593137432F797078624F2F754843647266686B43484E37362B476B6E6D635457426F37506A4969523141677567500D0A776C414F684153766E704C304A5031482F796C37356A35445071375066456D6F54776D572F6E695A2B4A694C6838363466484C4B4F325768526A4B555159685562642B794F4F4952412F64550D0A354A787A744A664B6C6A74443066364E454B62526B475772317A5465417659504D694273394A6B59596738537471686933553666795335644C313169723348447666416F4F334150635572630D0A54685662794C5A6B43426479684E6A75337A41334A42535946416363637658524E72516833737957784E56373539486C4E495775323754486363716D4435633055564C304E4A42745665686E0D0A4352375A76307435535665497A6F34416B574B73687030574A35443830594B2B65732B747348653865414C656A324D6B5068626F495775422B527452376A6448507630362F70596B645431720D0A4253647A67526637347134386F5A6F36523955634F667572566536726A5853582F6D38656B6E464A41354A783577563142632F41392F47767532477653426973595273786D77705A556267710D0A48314B586E7976524E3250576C4C4D6F36537352546650734D3959476D306F74584E56665A39754B654D357A58526A7638464D476C56756F7A567954454F4E726C477456676E4536576D726B0D0A546D4E707477386D3172746B644847326C5731576A3736584A6B4E68643850415255757A766959447061614C304D4976434E753673414E4873496A4E584D41424D69523972496A6167534F750D0A5A43387646484A6A55756931324A746172744D4A474254775869656A695338436F334F78666F4D517053435546586E4A6D6532766F426977366E6B6D354F364F4A4E464D6A54396C2B52654C0D0A6332647458795A4F6363527462544E45313650503439756F7437413257394475656C3151337173753242413478623833775533436C6E4D4A384B4B4E6F462F656C4958434A6D3134677767370D0A4D3478354A53424F515877484A762F6F58696F315561575273796866702F6E436841734E34666E725953794B754D6E4F44736F776A7351524C4D396A2F707257446F4A736D4C52655253716A0D0A553134533052634679364655346845563667774A4E46667135524D466436683969414543766C5A69764E6B484E6F49634A75582F586B4936796369565A344E313732655349383076347156450D0A634235336963497143397578655847445737586B5A564E392F61374A365535386D685032323673354B6E5376456F55636E5455565A716F773666583333772B2F386D523347617571456541330D0A755632646E7A56763276755A696F4870564B2B3635546A4D344D6E2B5531632F2B57525668674E356B42546B6B4E474C684A5266555977566448717A6C31666D516A516A304D3848464E78560D0A62627A704146727A566D6B587068476D4169546C63705933596867756E30745A394B4F75574E474D73547A4A5839614F2F4B794F316C6A453274613052744C766F6C34754336776F4B3344360D0A2F544E5652356F696A7764796F64684743514D355749386D4D374E525239387176306B42707A4676716A416E7831396568436D3155674538422B633859664D376870436B636475336D4362610D0A31766E36516A582B6E4F586D56523563784B36316236375451706E666A354F587066323442664F42614C7A4148382F4F786D6232532F5174517A6E626A424654786A2B706B766833325A787A0D0A6D5243736C3451426A65395262635A2B647174766154486E4E432F6C414E64484B70396453374E4F2F45344B6538384B6F635A43716C7455784E36504A646368506468706B6746426D5837750D0A67777368595351774558684B7564702B346874374C386B4E5248334D7348693932382B71445469354C6E7549476F46547657693362564655536B6F776F6A4578715449562F2B304662706D680D0A6F394E4F6E5767597669474166586C45503256684159654C484747717568327371516746563045384770356B4A497232526F7554445441644B6E4A755975703373436B436B456C6A576B4B560D0A4C7352616E77476D386A334F416B2F474C446C37714B6571646E414847515846357873326A746A2B577131326745666947675672694331704244304F4C42627644616A6C304646303930314B0D0A34506E4570484C616C4872447275797550624C6E393866576B55736E552F43455A69536A6879464D484A7A3944366B7A6233794259544B78654E71574B4C6D7373783457767444414154436B0D0A612B692F52455A4B7A69544361364B485A784334696632497631507164335856414D546758763165786B784C732B716E6C746A4777646138754C764B73677A66314C78782F325146343966480D0A6F506B457044672B37754B616B4A5A5334614F456743657A67517038514F6463366B5844784E664241675871386F47563270417056635549374F7162334D347166646452544C5978493276570D0A52377A4D6B6B4E4362456C51395737744F7A48305238574B314559536E5A41314559662F58584A79494A4C42422B31546869505376634B564F2F4C67354858593942586F4D395350766958650D0A4945576F76644C556641576E72327733425252566F6D636944305A725A4459417755736D425833753666614A4C5A69645053594D6434555441323251716C36394564534B765959376F7554530D0A687259325346795770657745367A6C7635395836734741377033535161562F77766C71312B68737745767453736D586D74365A32576378514B6A464E523770584B796E3965592B57714C416F0D0A43506851744874412F64494431745854384C384E4D796166504657706F5A624A456254506B4843344865476562356167724F5476446F6C57726A38436F5A56463363304E6B70424E373341300D0A5A6B7732596D4543615072394F2F4548544C70445636542B4C38597635334D6E52734D554169616E7236552F492B4359682B36786A2F4E2F757151347465374B2F4766626A2F6853506D51730D0A6952692F425949434A304B534277793266564E50434C4C537237376D39613730523745684374562F6238574C416E6531354A69624559306F65666E646846657856716B50427372436565437A0D0A32416A42626952474135432F4E6A626E6234556872746D54684F6D6952464A38394C6163324C7A49577745525536572B496867777A7558572F396478785634553133724443636661585246650D0A6A6A52563148666B2F6D4A41564E62615A39575552684458536835716A464F786755683546497649755769456A6B4D4B615130394977326673684C2B627533693761374D467977684B6C7A7A0D0A7A3651796D56386F2F6E2F3678544E6673625369692F516E5569357337326947366D2B545241775554346553612B2F487A586B4D4B307A35376A774F2F6847424342533844446F76742F79360D0A70677843523963365A306E706E776E393830386E4A46513176745777457375715850426C4536356F4A43677155307570746F726F4644444A54467079524D4B33496D426E3931374F54614D790D0A487138374B3141586F6736716D435A43474C682B794C2F4B79307870626C325867736B454F714F70396E4B4165464C6A713979795A747761345272376864384C4D6544433874486C4B4E35510D0A36747656516650544A315258576A304765474E453376504C33617556306C45394F394F414C376146764373435878734250647350366931567461414A5A68586676727976626C64595949652B0D0A414B33494F47624165706C694E2F736543566A50547A524442337A72482F46686455746364305768564C65464E526D5977593475697A48443157727266384B7268544D2B35535979304752350D0A6B657370493131723651417858346672472B59766D6A6E666A6E6E665479586A414D4D746A4F3749484F48414A5A32315555354A6658467A4A764A4233537A554D5751374D384C686B5432760D0A6A6567686B42486D68514777496E314F456F6E5A52306D454F6B4948505946434B4C714B696F7368416855322B336F5946686F5458447A67387550683232747A3457717274446F50652F5A6C0D0A564770696E5A31683675326865596A694E324372316450767A76386C7452644763794E577A504356413736454638576A65334178506A52695352767A6A3756764C3069453177742B4F555A550D0A36546D73696955416C72687471464C744F414E4761625A35386E6F76446B454375342F47307A534965493942765256555243784C4C4E65645349756C334930367A69414373543743705977450D0A75784830334168432F354E58314343412B3172446A4337732B6731666F414F4D754244367047735A6C395A2B644E476C4E462B484A4458636870454838474B4258416A5472577A6F2F6631390D0A7257543854376F613672646D2F6D6D6C4E437A7137424367624B55344B3171717A4649312F726C4F544C7A2B7A526F316F6D77727155625553434B7A7A6B3264644D4F32334E496A365352380D0A62577A332F704F325950795A2F6F5559636E79786F5A7038664255706662532B4A754C646C6F4B5167487374536B39366F366769436264504D35726D5254414A425456523054445331315A4A0D0A66536271707246745A552B5863626F4731346D4B6332636C65477752676D336E67495855526E4B556E4E61716F4953316D394F504A4471486A645274716844766C4A39717A68303672596E2B0D0A73486A5A414C6A34635A59386148455544456E7763564530584D7261644D6B654E5774324E5143535A39424E30466438725666465871464D7955313279666C7767694A6E572F6E6272636B670D0A364B434B702B583343564B3478676E4658524C48552F58496245365077734D5135514B775933784E48355A586E766E422B4B636E684C476A3154523173637368397062716B46302B353375580D0A39776C6B49444A386D5348382B5045354E5A6D766B686B33526579416C776C79526E3577306732364165674171677675774470636F452B4A4359356246573053444E78507668714D457170440D0A69656C387558784446747A2F2B466F37746D396878724F41305257684B4D3370305332724871575238332F4F33564D4C6C64574E646D7849776E2F3734423231393059433351496A314D776D0D0A623734376836505163514E73445A6B4279334969757A48786B666A384C66556C736B2B59704B6366387062736D2F395A645461714B557A3644744E4634644A6D42366548656C4437506463460D0A524852326B484A2F6E616553693753345970336B5832636C724D6175733268393030536D366F755559696A3132777739435765665044775279426C54494A646E366E5A4A39474C47564F4A5A0D0A63543672327930384C3972696839487853392F77622F673055396F392B326A647834584941724D66736B6642564F594374526C69347A6C4C4F4879524C68734C48516859487838726D4947620D0A67535466784F6E552F744D6D394F37364553504D32706D4E66374A416B393435622B66552B6D447658762B586236414B447155576450475A373578484159574C69735965717435553569744A0D0A67753937614377654C616C5269663331523471514C63534A4859556354307033314E576C662B337631616C77535A7661707A44416234626D46594B7947532B4632746934797455764D2F47720D0A4C5267332F4D4C2B42457046676C4B644C454C38535831316875657132704B783673684B50774B455052516C5759666337446E48737A44646746346A62316B31734559563372774C724970570D0A7334553138717136794E4A6779626D6E48616762304B5A3346386F4E49366F56637877424E70385550664634656A573668676F42445A46534F3338414854635566326856503742686443774C0D0A7246344473785730643567656539517052624C534D6D6776486B4356664A51727051544F514E56474349334D67344B4775664F7142692B4F4F6755694F345932506E48716C71426B2B4357420D0A4A786966787176764C36694F494646434E3439536A767754625534786C474564564A55683135366578424852346C72525A554E3645794E74317070345342416F54736346446A4462534341380D0A5A716279545248596A6F56744856644B4852644F6B774158304951494D7A5573796B797A6A4A6D6357707130536366736F6C706477424357355A41394B6648554951374E4953737537724F2B0D0A6E392B434D784750537364386532526F476B6178533777346D33616C4B62473269557975503752717758614B6F30567658434D4C646C552B734C3578762F34495A4E784552494632555477350D0A644D694F4246317A7465357674774361676762324B44752F68337143663053454B614A66614264746E61436A372B5778646C656C5468335251456B4D746B6D334974633973416A34557852650D0A6D77646C5A746D36452F4D54496E783868736479355332336E4233434C47445864617536774C543934696C4E654C63666B644E45727046694C4B666D79744E47783665434F53516264306B660D0A77644430785573636852692B4B443744445763344F756D3938655370654F534F3534727A6E544D3661554A672B4F68342B5A4146665373587A5263364C396C545A736E464F624343416A74650D0A396F5A584F38515A4659613776462B434A33746E592B334B7867416C4A703852356F796341592B61617944724E55566A303666375A6F3557706A4C697649684B48723249434C544C737465680D0A527A6263753261706A52714A667439562F6B68326D38477559713950553752334F643378626B3245474D545733303666787A704C69493759337653624A376A396A536D4F3173526B52545A430D0A4F6255496E55474749512F445643322B7048724543696972386C6150516E6E54535065744C74766C58524257674F382F394B6D6859775943526D68797879412B45383753464F4353345256320D0A6446796E42613064385250663878565657544B34496C4F58724A4E4E69306147523644364E486A537676333838437948564A344F6663446E79473951325A626676584846645A51535445566B0D0A42453455446B706941627A2B3838704C53656D6C717630502F413535527447717A4B5976764F5A774B77653658425157324237636245394954507A624D56326869414C44546E62345A7253500D0A77436238395A5A4F48326669342F6D4A6532355269582F5433326C387677495A77464D59313173703273654A464347506F6A6A6350706F4136716249664367703578435479382B774467674B0D0A675836627235594C777A4D4C513052656C394D4C70335142465950483237413553396F62576E6F4469564D7A744C32774B666F76533172377149394B6D4E4B30476B553475324C33545730390D0A4E64616975423046385A764B653872324C41666A504C6C767767686165702F305974636A6C324B67736D6854366C5049456E717079532B663655546F5A717534467349492B7A6D69636C6B610D0A6B31434D754E705232756F656B4866534D426D54626567675367706C43754E64592B625A6654734C505641706E387841455348457878323541374B5039424A584F75477346425142644976520D0A61315058546B734266795935614174614434732B2F57476852754D725745394B5273394F36433969384172737371336D5A36347865542B546A462B53534B77516E4A354C73594F357056652F0D0A3535717471366B32594A6E7451676A6447387345436D49502B585133326865496C67445365634975567A6656474345686246692F76537862687268437A32785A626F58464B4F3476336E43630D0A6F5A6C7038574E53686C6E785A2B59386C4637564B6E465A57747467504544657552726B6D6B67457A376B7067434F4C6B775A78544C767466502F59507545394670564C334759394A576F570D0A317941737A554A444133702F6144302B56575A654E33377063305063564E4F61387632626451594B364B4F6B773054356258586F6E4558764D4D50566F32334642794D5549664E47337750580D0A4265484D6D474F726774685250426C354442366338323568376B42375A2F5450645237734C31637A47525A31594A4E5052527868686A5257372F396E53594B53523644764C4F445135565A780D0A4842426C3751664558627376354C3866784A5376792F724458526945726A367A4D5A4235723743756F6E67793452424369685163757869484145316861704F753034737578483967793958510D0A6D414C366B4B6F664D7177634E6A6D4C744A35616747644278517869793876622F56496965775353363534657A356E6175594E5930697A4B5A746163417948646D7041335453716B776839360D0A513531715A4B692F323459464B686C504B31783846316C44594E4D68674C7445584B4B6D3061776634316C76712B55753166387A2B634D525A4C7361376E785A304D6B3D, 'ZTBSX', 4948, 80, 'text/plain');
/*!40000 ALTER TABLE `fileinfo` ENABLE KEYS */;


# Dumping structure for table end_to_end_security.register
CREATE TABLE IF NOT EXISTS `register` (
  `name` varchar(30) DEFAULT NULL,
  `addr` varchar(30) DEFAULT NULL,
  `gender` varchar(20) DEFAULT NULL,
  `email` varchar(30) DEFAULT NULL,
  `contactno` varchar(15) DEFAULT NULL,
  `pwd` varchar(30) DEFAULT NULL
) ENGINE=InnoDB DEFAULT CHARSET=latin1;

# Dumping data for table end_to_end_security.register: 2 rows
/*!40000 ALTER TABLE `register` DISABLE KEYS */;
INSERT INTO `register` (`name`, `addr`, `gender`, `email`, `contactno`, `pwd`) VALUES ('jitu', 'Pune', 'Male', 'jj@gmail.com', '8888888888', '123456'), ('om', 'Pune', 'Male', 'om@gmail.com', '8888888888', '123456');
/*!40000 ALTER TABLE `register` ENABLE KEYS */;


# Dumping structure for table end_to_end_security.requestdata
CREATE TABLE IF NOT EXISTS `requestdata` (
  `fromuser` text,
  `touser` text,
  `status` text,
  `datetime` text,
  `filename` text
) ENGINE=InnoDB DEFAULT CHARSET=latin1;

# Dumping data for table end_to_end_security.requestdata: 2 rows
/*!40000 ALTER TABLE `requestdata` DISABLE KEYS */;
INSERT INTO `requestdata` (`fromuser`, `touser`, `status`, `datetime`, `filename`) VALUES ('om@gmail.com', 'jj@gmail.com', 'Accept', 'Sat Jan 22 18:49:31 IST 2022', 'a2_1 (1).txt'), ('jj@gmail.com', 'om@gmail.com', 'Accept', 'Sat Jan 22 18:50:58 IST 2022', 'a4.txt');
/*!40000 ALTER TABLE `requestdata` ENABLE KEYS */;


# Dumping structure for table end_to_end_security.tblsha
CREATE TABLE IF NOT EXISTS `tblsha` (
  `Email_ID` text,
  `File_Name` text,
  `Data_Sha` text
) ENGINE=InnoDB DEFAULT CHARSET=latin1;

# Dumping data for table end_to_end_security.tblsha: 2 rows
/*!40000 ALTER TABLE `tblsha` DISABLE KEYS */;
INSERT INTO `tblsha` (`Email_ID`, `File_Name`, `Data_Sha`) VALUES ('jj@gmail.com', 'a2_1 (1).txt', '2399baf3b3a389a11f0009af6969340f03f000b713667b7d1f739b5c32aceedc'), ('om@gmail.com', 'a4.txt', '81fb7b88209d4eed019765ad6fb2610ff686ab163182fc8915a425053881dee0');
/*!40000 ALTER TABLE `tblsha` ENABLE KEYS */;
/*!40101 SET SQL_MODE=@OLD_SQL_MODE */;
/*!40014 SET FOREIGN_KEY_CHECKS=@OLD_FOREIGN_KEY_CHECKS */;
/*!40101 SET CHARACTER_SET_CLIENT=@OLD_CHARACTER_SET_CLIENT */;
